{
  "config": {
    "horizon_days": 4,
    "up_threshold": 0.01,
    "down_threshold": -0.01,
    "strict_monotonic": true,
    "dataset_path": "/Users/jeremynathan/Documents/GitHub/hs2025_ml_project/hs2025_ml_project/data/processed/datasets/eurusd_news_training.csv",
    "feature_cols": [
      "article_count",
      "avg_polarity",
      "avg_neg",
      "avg_neu",
      "avg_pos",
      "pos_share",
      "neg_share",
      "intraday_range_pct",
      "upper_shadow",
      "lower_shadow",
      "month",
      "quarter"
    ],
    "test_start": "2025-01-01",
    "train_frac_within_pretest": 0.8
  },
  "signal": {
    "train": {
      "threshold": 0.5,
      "report": {
        "neutral": {
          "precision": 1.0,
          "recall": 0.9913169319826338,
          "f1-score": 0.9956395348837209,
          "support": 691.0
        },
        "move": {
          "precision": 0.9154929577464789,
          "recall": 1.0,
          "f1-score": 0.9558823529411765,
          "support": 65.0
        },
        "accuracy": 0.9920634920634921,
        "macro avg": {
          "precision": 0.9577464788732395,
          "recall": 0.9956584659913169,
          "f1-score": 0.9757609439124487,
          "support": 756.0
        },
        "weighted avg": {
          "precision": 0.992734182875028,
          "recall": 0.9920634920634921,
          "f1-score": 0.9922212586585021,
          "support": 756.0
        }
      },
      "confusion_matrix": [
        [
          685,
          6
        ],
        [
          0,
          65
        ]
      ]
    },
    "val": {
      "threshold": 0.5,
      "report": {
        "neutral": {
          "precision": 0.9617486338797814,
          "recall": 0.9723756906077348,
          "f1-score": 0.967032967032967,
          "support": 181.0
        },
        "move": {
          "precision": 0.16666666666666666,
          "recall": 0.125,
          "f1-score": 0.14285714285714285,
          "support": 8.0
        },
        "accuracy": 0.9365079365079365,
        "macro avg": {
          "precision": 0.5642076502732241,
          "recall": 0.5486878453038674,
          "f1-score": 0.554945054945055,
          "support": 189.0
        },
        "weighted avg": {
          "precision": 0.9280943707173216,
          "recall": 0.9365079365079365,
          "f1-score": 0.9321472178615036,
          "support": 189.0
        }
      },
      "confusion_matrix": [
        [
          176,
          5
        ],
        [
          7,
          1
        ]
      ]
    },
    "test": {
      "threshold": 0.5,
      "report": {
        "neutral": {
          "precision": 0.9158878504672897,
          "recall": 0.9849246231155779,
          "f1-score": 0.9491525423728814,
          "support": 199.0
        },
        "move": {
          "precision": 0.25,
          "recall": 0.05263157894736842,
          "f1-score": 0.08695652173913043,
          "support": 19.0
        },
        "accuracy": 0.9036697247706422,
        "macro avg": {
          "precision": 0.5829439252336448,
          "recall": 0.5187781010314731,
          "f1-score": 0.5180545320560059,
          "support": 218.0
        },
        "weighted avg": {
          "precision": 0.857851753408214,
          "recall": 0.9036697247706422,
          "f1-score": 0.8740070176387471,
          "support": 218.0
        }
      },
      "confusion_matrix": [
        [
          196,
          3
        ],
        [
          18,
          1
        ]
      ]
    }
  },
  "direction": {
    "train": {
      "threshold": 0.5,
      "report": {
        "down": {
          "precision": 1.0,
          "recall": 0.9736842105263158,
          "f1-score": 0.9866666666666667,
          "support": 38.0
        },
        "up": {
          "precision": 0.9642857142857143,
          "recall": 1.0,
          "f1-score": 0.9818181818181818,
          "support": 27.0
        },
        "accuracy": 0.9846153846153847,
        "macro avg": {
          "precision": 0.9821428571428572,
          "recall": 0.986842105263158,
          "f1-score": 0.9842424242424243,
          "support": 65.0
        },
        "weighted avg": {
          "precision": 0.985164835164835,
          "recall": 0.9846153846153847,
          "f1-score": 0.9846526806526806,
          "support": 65.0
        }
      },
      "confusion_matrix": [
        [
          37,
          1
        ],
        [
          0,
          27
        ]
      ]
    },
    "val": {
      "threshold": 0.5,
      "report": {
        "down": {
          "precision": 1.0,
          "recall": 0.8571428571428571,
          "f1-score": 0.9230769230769231,
          "support": 7.0
        },
        "up": {
          "precision": 0.5,
          "recall": 1.0,
          "f1-score": 0.6666666666666666,
          "support": 1.0
        },
        "accuracy": 0.875,
        "macro avg": {
          "precision": 0.75,
          "recall": 0.9285714285714286,
          "f1-score": 0.7948717948717949,
          "support": 8.0
        },
        "weighted avg": {
          "precision": 0.9375,
          "recall": 0.875,
          "f1-score": 0.8910256410256411,
          "support": 8.0
        }
      },
      "confusion_matrix": [
        [
          6,
          1
        ],
        [
          0,
          1
        ]
      ]
    },
    "test": {
      "threshold": 0.5,
      "report": {
        "down": {
          "precision": 1.0,
          "recall": 0.8181818181818182,
          "f1-score": 0.9,
          "support": 11.0
        },
        "up": {
          "precision": 0.8,
          "recall": 1.0,
          "f1-score": 0.8888888888888888,
          "support": 8.0
        },
        "accuracy": 0.8947368421052632,
        "macro avg": {
          "precision": 0.9,
          "recall": 0.9090909090909092,
          "f1-score": 0.8944444444444444,
          "support": 19.0
        },
        "weighted avg": {
          "precision": 0.9157894736842105,
          "recall": 0.8947368421052632,
          "f1-score": 0.8953216374269006,
          "support": 19.0
        }
      },
      "confusion_matrix": [
        [
          9,
          2
        ],
        [
          0,
          8
        ]
      ]
    }
  },
  "combined_test": {
    "report": {
      "neutral": {
        "precision": 0.9158878504672897,
        "recall": 0.9849246231155779,
        "f1-score": 0.9491525423728814,
        "support": 199.0
      },
      "up": {
        "precision": 0.0,
        "recall": 0.0,
        "f1-score": 0.0,
        "support": 8.0
      },
      "down": {
        "precision": 0.25,
        "recall": 0.09090909090909091,
        "f1-score": 0.13333333333333333,
        "support": 11.0
      },
      "accuracy": 0.9036697247706422,
      "macro avg": {
        "precision": 0.38862928348909653,
        "recall": 0.3586112380082229,
        "f1-score": 0.36082862523540493,
        "support": 218.0
      },
      "weighted avg": {
        "precision": 0.8486774414816085,
        "recall": 0.9036697247706422,
        "f1-score": 0.8731560669672939,
        "support": 218.0
      }
    },
    "confusion_matrix": [
      [
        196,
        0,
        3
      ],
      [
        8,
        0,
        0
      ],
      [
        10,
        0,
        1
      ]
    ],
    "labels": [
      "neutral",
      "up",
      "down"
    ]
  }
}