{
  "config": {
    "horizon_days": 4,
    "up_threshold": 0.01,
    "down_threshold": -0.01,
    "strict_monotonic": true,
    "dataset_path": "/Users/jeremynathan/Documents/GitHub/hs2025_ml_project/hs2025_ml_project/data/processed/datasets/eurusd_news_training.csv",
    "feature_cols": [
      "article_count",
      "avg_polarity",
      "avg_neg",
      "avg_neu",
      "avg_pos",
      "pos_share",
      "neg_share",
      "intraday_range_pct",
      "upper_shadow",
      "lower_shadow",
      "month",
      "quarter"
    ],
    "test_start": "2025-01-01",
    "train_frac_within_pretest": 0.8
  },
  "signal": {
    "train": {
      "threshold": 0.5,
      "report": {
        "neutral": {
          "precision": 0.9983948635634029,
          "recall": 0.929745889387145,
          "f1-score": 0.9628482972136223,
          "support": 669.0
        },
        "move": {
          "precision": 0.6466165413533834,
          "recall": 0.9885057471264368,
          "f1-score": 0.7818181818181819,
          "support": 87.0
        },
        "accuracy": 0.9365079365079365,
        "macro avg": {
          "precision": 0.8225057024583932,
          "recall": 0.9591258182567909,
          "f1-score": 0.872333239515902,
          "support": 756.0
        },
        "weighted avg": {
          "precision": 0.9579124375947895,
          "recall": 0.9365079365079365,
          "f1-score": 0.9420154664736708,
          "support": 756.0
        }
      },
      "confusion_matrix": [
        [
          622,
          47
        ],
        [
          1,
          86
        ]
      ]
    },
    "val": {
      "threshold": 0.5,
      "report": {
        "neutral": {
          "precision": 0.85,
          "recall": 0.9503105590062112,
          "f1-score": 0.8973607038123167,
          "support": 161.0
        },
        "move": {
          "precision": 0.1111111111111111,
          "recall": 0.03571428571428571,
          "f1-score": 0.05405405405405406,
          "support": 28.0
        },
        "accuracy": 0.8148148148148148,
        "macro avg": {
          "precision": 0.4805555555555555,
          "recall": 0.49301242236024845,
          "f1-score": 0.4757073789331854,
          "support": 189.0
        },
        "weighted avg": {
          "precision": 0.7405349794238683,
          "recall": 0.8148148148148148,
          "f1-score": 0.7724263853296112,
          "support": 189.0
        }
      },
      "confusion_matrix": [
        [
          153,
          8
        ],
        [
          27,
          1
        ]
      ]
    },
    "test": {
      "threshold": 0.5,
      "report": {
        "neutral": {
          "precision": 0.8994708994708994,
          "recall": 0.8762886597938144,
          "f1-score": 0.8877284595300261,
          "support": 194.0
        },
        "move": {
          "precision": 0.1724137931034483,
          "recall": 0.20833333333333334,
          "f1-score": 0.18867924528301888,
          "support": 24.0
        },
        "accuracy": 0.8027522935779816,
        "macro avg": {
          "precision": 0.5359423462871739,
          "recall": 0.5423109965635738,
          "f1-score": 0.5382038524065225,
          "support": 218.0
        },
        "weighted avg": {
          "precision": 0.8194279152836571,
          "recall": 0.8027522935779816,
          "f1-score": 0.8107689130074198,
          "support": 218.0
        }
      },
      "confusion_matrix": [
        [
          170,
          24
        ],
        [
          19,
          5
        ]
      ]
    }
  },
  "direction": {
    "train": {
      "threshold": 0.5,
      "report": {
        "down": {
          "precision": 1.0,
          "recall": 1.0,
          "f1-score": 1.0,
          "support": 49.0
        },
        "up": {
          "precision": 1.0,
          "recall": 1.0,
          "f1-score": 1.0,
          "support": 38.0
        },
        "accuracy": 1.0,
        "macro avg": {
          "precision": 1.0,
          "recall": 1.0,
          "f1-score": 1.0,
          "support": 87.0
        },
        "weighted avg": {
          "precision": 1.0,
          "recall": 1.0,
          "f1-score": 1.0,
          "support": 87.0
        }
      },
      "confusion_matrix": [
        [
          49,
          0
        ],
        [
          0,
          38
        ]
      ]
    },
    "val": {
      "threshold": 0.5,
      "report": {
        "down": {
          "precision": 0.9375,
          "recall": 0.8823529411764706,
          "f1-score": 0.9090909090909091,
          "support": 17.0
        },
        "up": {
          "precision": 0.8333333333333334,
          "recall": 0.9090909090909091,
          "f1-score": 0.8695652173913043,
          "support": 11.0
        },
        "accuracy": 0.8928571428571429,
        "macro avg": {
          "precision": 0.8854166666666667,
          "recall": 0.8957219251336899,
          "f1-score": 0.8893280632411067,
          "support": 28.0
        },
        "weighted avg": {
          "precision": 0.896577380952381,
          "recall": 0.8928571428571429,
          "f1-score": 0.8935629587803501,
          "support": 28.0
        }
      },
      "confusion_matrix": [
        [
          15,
          2
        ],
        [
          1,
          10
        ]
      ]
    },
    "test": {
      "threshold": 0.5,
      "report": {
        "down": {
          "precision": 0.7857142857142857,
          "recall": 0.7857142857142857,
          "f1-score": 0.7857142857142857,
          "support": 14.0
        },
        "up": {
          "precision": 0.7,
          "recall": 0.7,
          "f1-score": 0.7,
          "support": 10.0
        },
        "accuracy": 0.75,
        "macro avg": {
          "precision": 0.7428571428571429,
          "recall": 0.7428571428571429,
          "f1-score": 0.7428571428571429,
          "support": 24.0
        },
        "weighted avg": {
          "precision": 0.75,
          "recall": 0.75,
          "f1-score": 0.75,
          "support": 24.0
        }
      },
      "confusion_matrix": [
        [
          11,
          3
        ],
        [
          3,
          7
        ]
      ]
    }
  },
  "combined_test": {
    "report": {
      "neutral": {
        "precision": 0.8994708994708994,
        "recall": 0.8762886597938144,
        "f1-score": 0.8877284595300261,
        "support": 194.0
      },
      "up": {
        "precision": 0.125,
        "recall": 0.1,
        "f1-score": 0.1111111111111111,
        "support": 10.0
      },
      "down": {
        "precision": 0.19047619047619047,
        "recall": 0.2857142857142857,
        "f1-score": 0.22857142857142856,
        "support": 14.0
      },
      "accuracy": 0.8027522935779816,
      "macro avg": {
        "precision": 0.40498236331569665,
        "recall": 0.42066764850270005,
        "f1-score": 0.409136999737522,
        "support": 218.0
      },
      "weighted avg": {
        "precision": 0.818412941119363,
        "recall": 0.8027522935779816,
        "f1-score": 0.8097726250455787,
        "support": 218.0
      }
    },
    "confusion_matrix": [
      [
        170,
        7,
        17
      ],
      [
        9,
        1,
        0
      ],
      [
        10,
        0,
        4
      ]
    ],
    "labels": [
      "neutral",
      "up",
      "down"
    ]
  }
}