model,split,precision_pos,recall_pos,f1_pos
signal,train,0.7814171122994652,0.7726371447455387,0.7770023263542705
signal,val,0.7723342939481268,0.6650124069478908,0.7146666666666667
signal,test,0.7297297297297297,0.7714285714285715,0.75
direction,train,0.4917382683410443,1.0,0.6592822330527248
direction,val,0.47890818858560796,1.0,0.6476510067114094
direction,test,0.6,1.0,0.75
