model,split,precision_pos,recall_pos,f1_pos
signal,train,0.6485849056603774,0.7649513212795549,0.7019783024888322
signal,val,0.27972027972027974,0.33613445378151263,0.3053435114503817
signal,test,0.3739130434782609,0.5375,0.441025641025641
direction,train,0.5581039755351682,0.9945504087193461,0.7149853085210578
direction,val,0.5660377358490566,0.9836065573770492,0.718562874251497
direction,test,0.6455696202531646,0.9807692307692307,0.7786259541984732
