model,split,precision_pos,recall_pos,f1_pos
signal,train,0.723404255319149,0.9826589595375722,0.8333333333333334
signal,val,0.08421052631578947,0.2962962962962963,0.13114754098360656
signal,test,0.04285714285714286,0.08571428571428572,0.05714285714285714
direction,train,0.8252427184466019,0.9714285714285714,0.8923884514435696
direction,val,0.875,0.7,0.7777777777777778
direction,test,0.9090909090909091,0.6060606060606061,0.7272727272727273
