model,split,precision_pos,recall_pos,f1_pos
signal,train,0.6363636363636364,0.5760416666666667,0.604702022963368
signal,val,0.38064516129032255,0.30256410256410254,0.33714285714285713
signal,test,0.48872180451127817,0.6190476190476191,0.5462184873949579
direction,train,0.5648949320148331,0.9560669456066946,0.7101787101787101
direction,val,0.5506329113924051,0.8877551020408163,0.6796875
direction,test,0.64,0.9552238805970149,0.7664670658682635
