model,split,precision_pos,recall_pos,f1_pos
signal,train,0.6379310344827587,0.8149779735682819,0.7156673114119922
signal,val,0.36363636363636365,0.3,0.3287671232876712
signal,test,0.20430107526881722,0.34545454545454546,0.25675675675675674
direction,train,0.44493392070484583,1.0,0.6158536585365854
direction,val,0.45,1.0,0.6206896551724138
direction,test,0.7636363636363637,1.0,0.865979381443299
