model,split,precision_pos,recall_pos,f1_pos
signal,train,0.603448275862069,0.6504065040650406,0.6260480715483511
signal,val,0.3333333333333333,0.3270440251572327,0.33015873015873015
signal,test,0.4338235294117647,0.6344086021505376,0.5152838427947598
direction,train,0.5363408521303258,0.9930394431554525,0.6965012205044752
direction,val,0.5294117647058824,0.9759036144578314,0.6864406779661016
direction,test,0.6413043478260869,0.9833333333333333,0.7763157894736842
