model,split,precision_pos,recall_pos,f1_pos
signal,train,0.6964285714285714,0.975,0.8125
signal,val,0.09574468085106383,0.34615384615384615,0.15
signal,test,0.030303030303030304,0.07692307692307693,0.043478260869565216
direction,train,0.8167539267015707,0.975,0.8888888888888888
direction,val,0.875,0.7,0.7777777777777778
direction,test,0.9,0.75,0.8181818181818182
