model,split,precision_pos,recall_pos,f1_pos
signal,train,0.5147864184008762,0.7592891760904685,0.6135770234986945
signal,val,0.25125628140703515,0.4098360655737705,0.3115264797507788
signal,test,0.28688524590163933,0.625,0.39325842696629215
direction,train,0.8042328042328042,0.977491961414791,0.8824383164005806
direction,val,0.6263736263736264,0.8260869565217391,0.7125
direction,test,0.7291666666666666,0.813953488372093,0.7692307692307693
