model,split,precision_pos,recall_pos,f1_pos
signal,train,0.7154471544715447,0.9859943977591037,0.8292108362779741
signal,val,0.09,0.3333333333333333,0.14173228346456693
signal,test,0.041666666666666664,0.08571428571428572,0.056074766355140186
direction,train,0.7154471544715447,0.9832402234636871,0.8282352941176471
direction,val,0.8095238095238095,0.85,0.8292682926829268
direction,test,0.9375,0.9090909090909091,0.9230769230769231
