model,split,precision_pos,recall_pos,f1_pos
signal,train,0.6601466992665037,0.9854014598540146,0.7906295754026355
signal,val,0.0945945945945946,0.30434782608695654,0.14432989690721648
signal,test,0.058823529411764705,0.15789473684210525,0.08571428571428572
direction,train,0.8238993710691824,0.9776119402985075,0.89419795221843
direction,val,0.875,0.7368421052631579,0.8
direction,test,0.8666666666666667,0.7647058823529411,0.8125
