model,split,precision_pos,recall_pos,f1_pos
signal,train,0.6511848341232227,0.6211573236889693,0.6358167515039334
signal,val,0.5260869565217391,0.47265625,0.49794238683127573
signal,test,0.6014492753623188,0.6384615384615384,0.6194029850746269
direction,train,0.541795665634675,0.9686346863468634,0.6949040370615487
direction,val,0.5201793721973094,0.9354838709677419,0.6685878962536023
direction,test,0.6166666666666667,0.9135802469135802,0.736318407960199
