model,split,precision_pos,recall_pos,f1_pos
signal,train,0.7392550143266475,0.7435158501440923,0.7413793103448276
signal,val,0.40816326530612246,0.3389830508474576,0.37037037037037035
signal,test,0.4444444444444444,0.42718446601941745,0.43564356435643564
direction,train,0.4755043227665706,1.0,0.64453125
direction,val,0.423728813559322,1.0,0.5952380952380952
direction,test,0.6407766990291263,1.0,0.7810650887573964
