model,split,precision_pos,recall_pos,f1_pos
signal,train,0.6125,0.8634361233480177,0.716636197440585
signal,val,0.15151515151515152,0.13513513513513514,0.14285714285714285
signal,test,0.1794871794871795,0.25925925925925924,0.21212121212121213
direction,train,0.4185022026431718,1.0,0.5900621118012422
direction,val,0.4594594594594595,1.0,0.6296296296296297
direction,test,0.7777777777777778,1.0,0.875
