model,split,precision_pos,recall_pos,f1_pos
signal,train,0.6295081967213115,0.8458149779735683,0.7218045112781954
signal,val,0.25,0.3783783783783784,0.3010752688172043
signal,test,0.2589928057553957,0.6666666666666666,0.37305699481865284
direction,train,0.4185022026431718,1.0,0.5900621118012422
direction,val,0.4594594594594595,1.0,0.6296296296296297
direction,test,0.7777777777777778,1.0,0.875
