model,split,precision_pos,recall_pos,f1_pos
signal,train,1.0,0.9577464788732394,0.9784172661870504
signal,val,0.8540145985401459,0.7748344370860927,0.8125
signal,test,0.9329896907216495,0.8960396039603961,0.9141414141414141
direction,train,0.8141891891891891,0.8114478114478114,0.8128161888701517
direction,val,0.7592592592592593,0.5774647887323944,0.656
direction,test,0.7916666666666666,0.6785714285714286,0.7307692307692307
